,Product Title,Image Links
0,Children's play area 001,https://b5.3ddd.ru/media/cache/sky_model_new_thumb_ang/model_images/0000/0000/6431/6431717.661d1c9d29d13.jpeg
1,louvre parasol soyo and sun lounger set,https://b5.3ddd.ru/media/cache/sky_model_new_thumb_ang/model_images/0000/0000/6436/6436379.661e733bb1298.jpeg
2,Donna Fabric Lounge Chair,https://b6.3ddd.ru/media/cache/sky_model_new_thumb_ang/model_images/0000/0000/6446/6446996.66218bc0e5d88.jpeg
3,Indoor Plant Set 98,https://b6.3ddd.ru/media/cache/sky_model_new_thumb_ang/model_images/0000/0000/6437/6437969.661ed0addb9cb.jpeg
4,Leaman Handmade People Statue,https://b5.3ddd.ru/media/cache/sky_model_new_thumb_ang/model_images/0000/0000/6437/6437165.661eaa60c9d04.png
5,Mitsubishi Electric Launches u series Escalator,https://b5.3ddd.ru/media/cache/sky_model_new_thumb_ang/model_images/0000/0000/6434/6434089.661da8c1e95c0.jpeg
6,Smart speaker Yandex Station Midi,https://b6.3ddd.ru/media/cache/sky_model_new_thumb_ang/model_images/0000/0000/6443/6443511.6620b2bb30e8a.jpeg
7,TOFFEE Caccaro,https://b6.3ddd.ru/media/cache/sky_model_new_thumb_ang/model_images/0000/0000/6435/6435332.661e377ee1d3f.jpeg
8,courtyard garden Shrubs and trees behind the glass 319,https://b5.3ddd.ru/media/cache/sky_model_new_thumb_ang/model_images/0000/0000/6441/6441694.661fe140b43c5.jpeg
